feature_1,feature_2,feature_3,feature_4,feature_5,feature_6,abandono
-1.411218564631475,-0.5146617934875861,0.06403594109293143,0.5862455352895208,-0.45843694018691766,-0.3221230766184903,0
-1.0756263719809696,-0.4019207737923579,-0.018344983836897755,0.18661061339678264,1.0470091746433143,-0.19531956011768287,0
-2.0842761206436498,-1.6616398389466673,-2.440792426303049,-2.3844211114855387,1.815372684826906,-0.15055181526900124,0
-0.1375641378870638,-1.6784567643667918,-0.18250200934421656,0.021841213891960254,-0.7486353140363331,0.23591012385720245,0
-0.10391778388350303,-0.16616380639064543,-0.9475788307578992,-0.27178109303091214,-0.012278277112317357,-0.17177166495860768,0
-1.4068263178975096,-4.256764450105928,-0.6678721323747874,3.404083126777493,1.3187646157271942,-0.5231490503429418,1
1.698984881718301,0.5740447776630901,-0.7865453444551322,2.0792212564368624,-0.6621125168244095,-0.4998607872731365,0
-0.9687069247174469,0.1153230565216179,-2.0765321415728306,-0.3585521796031643,1.5863738801590164,-0.678444427222741,1
0.5244723346113862,-0.15050526098467587,-0.4849388193054065,-0.26490335483448846,0.5070157644871914,0.07416083871355604,0
-1.4928433512455317,-1.438209675287538,-2.922397855678506,-2.3785412102664547,1.546004147600127,-0.20154347030896919,0
-1.4123159177128444,-0.6529479330059718,-0.6877222538078565,0.27562625856511946,-0.886998060729534,-0.4164435761081721,0
0.39855903316984453,-1.4119392036409872,-1.9717544379366145,-2.789224404424183,-1.3250764709360472,0.5352158950705264,0
0.9204422236548053,-0.24213622043293448,-0.4199437254422238,0.8646062117293556,-0.15034192258090356,-0.09783118640255396,0
0.6907285013754987,0.6345407503831986,-0.6097342166817356,1.6438108264107285,-0.4629490654253594,-0.5591148319031276,0
-2.722485935049318,-2.2091754444533565,-1.3827450146768394,-1.7485747670934209,-0.6043385694466398,-0.058099056020850526,0
4.267169435845364,-0.1588788152449515,-1.030499307072076,2.582701239614358,0.2068438519965253,-0.03059704806708269,0
-0.7943103509334704,-1.1687089726829212,-1.0127917640492172,-0.9017612624596003,-0.8475234930898101,0.020368532212064305,0
0.3206543948130618,-0.9620408432078738,-0.6158018375954526,-1.4114656084185317,-0.5913032150920309,0.4432138389374196,0
-1.9496727838023171,-1.252454500496183,0.3269878476564887,-0.22222445442368466,-0.026794346635663536,-0.016789392294621563,0
-0.7272599387480415,-0.9984574010245294,-0.6745186377558239,-0.8584556425763034,-2.6098417929829005,0.08044230672738806,0
1.1021399967205454,-1.1468630241077464,-1.1635356484875559,-2.4296078844629188,0.4278706771903861,0.7511349206426452,0
1.4521659423440347,0.346056303316422,0.5726287993131034,-0.7328760300921722,1.2491406416911188,0.5684512471895573,1
0.5081428592610788,-3.586985482406548,-2.7088756132018137,1.0929991257685834,-0.24480024180630117,-0.21320812424392865,0
-0.5993910217987206,-1.8329658210934427,-0.6612148464372636,-1.6072651909821278,-1.6742977205386302,0.4584803732575523,0
0.9778601576056939,-2.1415279957945965,-2.615136717619542,0.2857038477618614,0.14425002281739083,-0.16111606651401314,0
0.5593590359069434,-0.9461258040034843,-0.41719746331154084,0.3480214829987177,0.31620007620456086,0.0940304565345355,0
2.050747474931007,-0.590739698268107,-2.047596559595875,1.9512831503545502,-0.5860571018706248,-0.5093622938261086,0
1.2332708557328875,-0.9474935711429615,0.018918701472101507,-0.6681488009211141,0.17651127616274478,0.6055935886551392,0
-1.550711351320913,0.028411276079848058,-1.0328900114909678,1.402310903196685,-1.0490069225704863,-0.951688186963075,1
-0.016682703689232303,-0.5076778487071666,-0.6323312385245623,-0.777664274417625,1.8044970883616096,0.12288850426540464,0
-2.3175009142125162,-0.7558226883168245,-3.154453728367612,-1.7289500135070874,-0.6857375867883446,-0.7254717230474527,0
-0.5653763945374506,-0.9446469499886186,-0.8320042714085795,-1.084185914789966,-1.296501767480829,0.1188864879820532,0
0.581358921031371,-1.1596973367777315,-2.521427516932446,-2.9162167075019743,2.189750287809187,0.41127129093596626,0
0.9349798110690594,-2.067322296200169,-2.108432305091379,1.2438375375109425,0.5224186132825649,-0.29324256579166275,0
1.8462066530392267,1.4722966080182305,-1.0457789099083774,-0.5686006525605043,0.6944063189453711,-0.03535031155963253,1
1.4809118594754347,-1.3980646791922344,-0.8431903917302319,-0.4689640057939253,-1.0634016455178528,0.4621876848766032,0
0.6210342726970032,2.279651288200614,-0.08929354673003065,-1.3988807702200827,-1.2203173772157754,0.02686100610230907,1
1.7727907819509665,-0.6277767189070702,0.605126216209444,1.5845765565315877,0.9788935399127254,0.23747006109718177,0
1.8778939383927482,0.6179754636018086,1.856465916722842,-0.021316427676445593,-1.5378473259288705,0.7630500388276553,1
-0.8966729981839009,-0.7507149593751723,0.23850079229172616,0.13095228460403274,-2.0878890346006087,-0.010571298913478966,0
0.31115722337487284,-2.0749882317105888,-2.3114127949574863,0.5784280172941363,-0.44714646238391303,-0.3034610018217163,0
-1.0204249138474288,-2.5292575461970337,-1.0431679677170327,2.289241611143571,0.45109529658297826,-0.5875661329326496,1
2.2734356458848284,-1.432728380794627,-0.9736155065674879,1.5054611133965028,0.948939989837594,0.09352299476500697,0
-1.185763940870793,0.03225931499350776,-1.1219052363114355,0.2509619241452884,1.1119877138106449,-0.6088782773586954,1
-0.4864752353663008,-3.885036344843116,0.04452464755931773,2.062081664531715,0.9794109008340617,0.12405617022886839,1
0.3622998006422147,1.8324090639039667,1.069455190783137,-1.8338828741819282,1.4020721472178432,0.4766371487162699,1
0.2739425329152675,-2.2080724145360717,-2.020669688304789,-0.0656143811228993,-0.08025904620754583,-0.04498637105020219,0
1.0065509586263999,-2.7643431743041607,-1.8136665231743723,0.24698733595921496,1.1619236021470807,0.18497735737753937,0
-1.3900484550826935,-1.2824888258293532,-1.9131602182105083,-1.5824228213271807,1.0894367093604342,-0.14501868756552638,0
-2.0773845019730235,-1.017990413251294,-0.449176695042542,-0.05483139519623481,0.044243854223773756,-0.3355234033209488,0
0.43933837200697434,2.130565335338961,1.9789907623734795,-0.9157040797458432,-0.3963938350478049,0.4434712989547126,1
-3.0284419180631206,-1.2544768653214389,-1.5991298585311697,-0.5410688405610962,-0.3345075063567468,-0.6656576249157053,0
-0.3631900073394243,-1.5120298816440907,-0.6407958945298396,0.04234002964747563,-0.24650869255414082,0.031731906201298093,0
0.38053653143496136,1.6128817500556143,1.991931143866795,-1.1786567572788453,-0.2908060801440377,0.5998312914445469,1
0.33326244746799716,-0.7939738781610176,-1.3565371573697473,0.15029290947187446,-1.1899450533656992,-0.17956058166902183,0
0.11879897306680798,0.6328921511958929,1.4354349927726173,1.1128143587369679,-1.3118401281641687,0.0018586602836346278,0
0.43180739693231907,-2.254064227382137,0.5054053632972153,-0.21899231142845865,1.6896369976946968,0.7045014085530921,0
-1.2040763604212272,-1.894121065397281,-3.3441759128367323,-3.720168734445707,-0.09376544952267094,0.17299596605757084,0
-2.5638956849808263,-0.7095752566279011,0.04396846116049535,0.3859849495740135,0.1777558935804024,-0.47441587320330336,0
-0.20544951784657306,-0.3841029838979978,-0.36996068583088004,-0.5644479802163838,0.2755248774685312,0.07636009021151101,0
-0.31158303872902127,0.0800585081661247,-0.5998122014906706,0.49222721796085245,0.1982893773718653,-0.3628078520612752,0
-1.7364965865353625,1.526937677680404,-2.127479735022871,-0.4573292428579241,0.04168903713194141,-1.0905684744274384,1
-0.9460294339141816,-1.4810812019017598,-0.12989409839497157,1.1796869215583399,0.6223968705232881,-0.24665983186882054,1
-0.2584201142033551,-1.3431788954550568,-0.4470104836807598,-1.1280660981358226,0.9955485853622786,0.37010403533940817,0
-0.12370417895735553,-1.0488114849268992,-0.9298952596218822,-1.251789054960447,0.3785688680949161,0.24525940322460102,0
0.4407163629892066,1.8218959964029646,2.1943228819851166,-1.1012970674183795,2.465733955419929,0.6064849674664916,1
-0.35072877688666015,-1.2868196652110744,-1.299858767776736,-1.6853398807739046,0.37339619191355516,0.2562687856192535,0
1.6988768051143492,0.4661514650154255,0.9760879411432996,-0.5232424055726231,0.028202711521927642,0.6496043060935714,1
-1.9301353167099224,1.097592550012509,-2.127166555687884,-0.28011558560425054,-1.340528603382517,-1.0936884438161099,1
3.6553502760639347,-1.0284652077381917,1.5450985051380488,1.5837299576044193,0.38361197078793213,0.9462340886699712,1
-1.478252732677488,-0.28053597238425354,-1.9800800419767723,1.2456380793899184,-0.11152205765894566,-1.089659086663009,1
0.05477363978397376,-1.8386417504950514,-3.4299691582204423,-3.5068816584379308,0.19093775077331573,0.3419489634544737,0
-1.3655162042592284,-1.0489921660453572,-0.19602492165858898,1.2096977721210773,-2.1512296178706696,-0.4391045373823361,1
-2.4273687422207857,-1.3409238985640086,-0.980116444088963,-0.7219807637135731,-1.2599199663731557,-0.316746108341911,0
1.94522287755174,1.325604504535736,-0.5525253921254369,-0.33001274080275533,0.19333066695273338,0.08267946862130404,1
1.8542702639876723,0.15623733464939094,-0.257461675532789,-0.7560147658475778,-0.7186819254432798,0.4721550491215,1
1.6441035625265994,-1.22912708834777,-0.3976782751697341,-1.6368215244695254,-0.9131989057816112,0.8785244299449944,1
-0.6570948262084271,-0.047399866564835524,-0.19408597284009854,0.6435641640444608,2.2121913093846852,-0.3399893595711721,1
-1.121664081086145,-0.7901254774643631,0.6757975072045987,2.2186636317597324,1.6204296451040736,-0.46393246191645093,1
-0.6546095242136492,-1.6306226897521854,-1.5339052695415636,-0.01679412291109239,-0.7400469178227713,-0.2268827340340734,0
1.2595071662858357,0.0401943967516909,0.834619036576169,-1.1039376385006774,-0.32683629306213485,0.7509392258402364,1
1.2788997764176766,-1.2476592424736168,-1.0758682708011993,1.0089018890171786,0.8240148305983517,-0.044951903581922525,0
0.8375581681440171,-1.7237610197659414,-0.5673209486279961,0.9227213890655804,0.8705762158142415,0.11202824152982149,0
-0.18703861760866447,-0.43005718365732903,-0.5023241836910051,-0.10311506555609706,-0.6178126792566155,-0.0635918964400671,0
-0.5734460731235957,-1.5511855970628892,-0.8697617580381567,-1.8199686507222324,1.0730521590031268,0.409211434841924,0
-1.1211527625807522,0.5044236635716925,-0.3657201144151436,0.719165699026473,0.789900080037874,-0.6037497336431257,1
-0.8689569934324319,3.3371008988976847,0.32874583954579906,-2.2387938074048357,0.8684435107409955,-0.15251917711807944,1
2.0298812973250735,-0.6801266882189857,-0.4970762957856153,1.6748092298848,-1.5515305467501768,-0.015363246825299132,0
-1.926492196891848,0.2453886611061198,-0.3795543181454274,2.1255457397891213,-0.09688582961507466,-1.0800635569520822,1
-1.1794001569478736,1.1854967560753251,-2.0745014469511696,-1.0935588603725073,1.7682983083967718,-0.7365815096186958,1
-0.7414865420339511,0.15053422020364793,-0.1560889623443723,0.04497998092493516,-1.6182107947131612,-0.23237166828636613,0
-1.098826646068396,-3.4413096751810435,-2.062283918241519,1.8637144874479825,-1.4690795606362084,-0.592748947365372,1
0.018798113689921903,0.07186164528330019,1.4956620957388798,-2.326898837178474,0.11340006327260466,0.9784286660266168,1
-0.4932178130692235,-1.414098617308131,-0.1913786595821556,0.3935094856368032,-1.127504337740596,0.01652630525110438,0
-1.667175983210757,0.3031009309015713,-1.7499317141133028,1.229879111798204,1.0224409523938105,-1.1736582174236678,1
1.1632703242279996,0.7228218406446492,-2.723945382996235,1.8562352571834297,1.204068018884884,-1.0940290775317463,0
0.5796860731769209,1.4945517410870468,-0.7718522507384049,-1.6713483304777537,-1.1897615417321001,0.05547565144399075,1
-0.44475246504302,-0.4324160219066385,-1.4783466537362444,-0.7563339212163238,0.17390804165650472,-0.2082540079461691,0
0.8878440352599342,-0.0006045236116777319,-0.5566253979139352,0.4028007730271691,-0.06639040409313654,-0.06900631441007297,0
0.04927897137498449,-0.012064737558315497,0.8131338093687219,0.08624555157287539,1.3144024247694728,0.20593737117113683,0
-0.6262366718450556,-1.5433430332655909,-1.684214394429757,-1.9902635125535677,0.4241404190789904,0.22438267370199794,0
1.3069831907668932,-1.4001373445467185,-1.8046716041113098,-3.1165320923826902,0.6292489718935849,0.8455623784577895,0
1.510453482869096,1.7943245556558471,-0.2791371124372588,-0.5969314136572059,-2.515038452535007,0.045694432734011636,1
0.020875410162272567,3.3349763529717626,3.170039344663832,-0.755518025876905,1.2183373155853803,0.4051236486871945,1
0.32378241915845285,-0.6506598374164076,0.8831554497382548,-0.06149367167968256,-0.21313533666732123,0.4389254835863428,0
-0.24531382949245473,-1.2355875627309474,-1.9221076963602388,-0.5300744745843338,-2.1857104824753426,-0.19069292256647985,1
-0.677662579576173,-0.004577666950444481,0.6124234188981799,0.9452201567303544,-0.8991616270020392,-0.21521045634879357,1
0.5990284599219886,0.8232950365284313,0.5190089444731969,-1.5249416661805388,2.1919073547444152,0.4914895012929104,1
3.5761763783875855,-0.954682008547631,-1.731856518959531,1.9678839858336408,0.6812961744204711,-0.05021767096555996,0
-1.5858930778070734,-0.8753445168154765,-0.4213444303157299,-0.12462398942576136,1.2056914600814304,-0.23728928244870157,0
-0.5618391423941518,-2.3903604593104157,-1.7248939750845906,1.0347984108037271,-0.46681494578978205,-0.38215588507736353,1
-2.3418743409310987,-0.9056241841283981,-1.9792984311191095,-0.6592023215407236,0.01688505841989535,-0.662595834435812,0
2.1696498074441735,-3.004291985487168,-1.760763428835374,0.8656571245039111,0.2542492041349285,0.32404872952235503,0
-0.7559195603831012,-1.5507264995882475,-2.413400999320493,-2.491967772114471,1.5422559460484992,0.1336543489128625,0
-2.1473577390361775,0.6279007769220346,-0.051295768433299194,1.5805653209996686,1.338115216447681,-0.9718911181071994,1
-2.1051549577461373,-0.9793268168846525,-0.3677377823145197,-0.19586105653782482,1.4946885753643797,-0.2910505007884177,0
-0.6833136822271093,0.25457010275697156,-0.16232565467209625,0.11151987880225678,0.66698040343816,-0.25879801416684756,0
-1.3301038820453321,-0.31794260737793634,-0.3620101065789718,-0.09638939977827954,-0.2596058224494745,-0.2821945659022721,0
-2.05442180300078,-1.2562296759615672,-1.1911844958027094,-1.3228629955190434,-0.150419854461833,-0.15995631696241577,0
2.50520051468827,-0.13508073332931436,-0.29580769733306767,1.1299622913099119,1.1307033086145013,0.1701523485585824,0
-1.3291318194111938,-1.382930262520017,-0.29024413894210865,2.0257271410057114,0.46169691812421204,-0.6009457952874846,1
-0.607437234948627,-1.3826423772192462,-1.0267428066878255,0.624476179944733,-1.4095113174731944,-0.2928732709343972,1
0.7451062927601276,1.5885125020197046,0.6447439218278397,-0.873902740546356,0.03916390436185879,0.24409951390816406,1
-0.0032042383682933107,-2.2911564982725254,-0.23102328079849532,0.0936586242289047,-0.822621415489101,0.34818809976109943,0
1.3960761100732264,-1.6743551317113932,-0.44986083354241846,1.5690040456368335,0.7342442897029785,0.08323290253985885,0
-0.5359901929412969,-1.2905452324232567,-1.616649405533067,-1.9617740016107017,0.5054271466248177,0.20555733723877972,0
2.9951077519682228,-0.7826490027345241,-1.2151692966847885,2.7000620799273163,-1.687249423453071,-0.2503980394344778,0
-0.459220653874054,-3.162844251899335,-0.23304074515132556,-0.6710416475974403,1.2385499549119328,0.6143031252479633,0
-0.9417747615444858,-1.2783225044538737,-2.7340134396358327,-2.8788306494974316,-0.9900262363062616,0.057597870984887944,0
-2.2328928453159733,-1.1409497981835925,-2.127345688723265,-1.0044932983173065,-0.8945632324137842,-0.5472653401237744,0
1.7559565930644636,-2.958737204999037,-2.518257363563642,1.8045695884997754,1.0932709054599299,-0.2084174790275493,0
1.82160199828902,-1.5008328201548444,-2.0870806132562403,1.665575509332824,-1.549531269578512,-0.3214988357381841,0
2.313068100011462,0.6195258023228116,0.015234818413533247,-0.07959758571352626,1.3100730944378527,0.3781516528469935,1
1.6902751229547421,0.7896833752021174,1.2384347087809549,-0.6426275438578233,-1.156749670336056,0.6864848231480521,1
0.4067935153213642,1.041868140228181,-1.993762860646378,-2.370267250980636,0.36530099302178864,-0.04018375072195868,1
0.5063271056138292,-1.5404404368308438,-1.922455335050437,0.18280727229169702,0.09143412755899637,-0.16122256896680753,0
-0.5128713210099345,-0.7430604065406146,-0.9806937282145768,0.055327389547869976,-0.39142551668673525,-0.23779014794037726,1
-1.2367699738154494,-0.32745105195126123,-0.7841298273611517,1.1925376814669575,0.058401472102668064,-0.7010543537322993,1
0.1803102565358592,-0.3946290877319809,0.644158383231934,0.7941453979951115,1.7085463697668863,0.08026670478915557,0
-3.371990584961969,-1.4026060891755803,-1.7105598798949981,-0.38014697238104356,1.791143786862626,-0.7780503878783676,0
-0.9367778815077894,-1.6640593046268244,0.4554859016707562,1.9685629600110537,0.767813919476397,-0.25556303699552807,1
-0.5599892448678705,-0.24628667432176732,1.5768753605098746,0.8559396686334311,-1.636724991299341,0.13289785295988743,0
2.1805488811728653,-0.9127922695108891,-1.5329566674873667,1.4650658232908684,0.8922636603701339,-0.16186246878917185,0
-1.236408679106598,-1.815612832262909,1.6449984917177742,3.3481380686820583,-1.1813939832988014,-0.32341234952615916,1
0.9069434629958237,-0.16424131415372756,1.81482057629945,-1.1659735971913348,-0.23658035072914094,0.993442946255127,1
-2.442511163815638,-0.6809184735689274,-0.8632453869836562,0.066114440527828,-1.2373416454470463,-0.6142568224079423,0
0.19105971645889985,-2.1103441020482734,-1.0519491856609817,0.6193145447018282,0.37507191468277773,0.0022319260185421075,0
1.0186308583391621,-1.2207419368838832,-2.3700076650690454,1.4161008441359624,1.069850498701039,-0.5496727289985711,0
1.5327575427511237,0.20013213738267344,-1.426011509834988,1.0609917495787253,-0.5209138193366847,-0.3734834813205638,0
2.8573559740625782,0.677700307883745,1.4578308152658186,0.8124647027606824,-0.4078230860685443,0.6335629006759859,1
-0.2432220063359809,1.4639774501212117,0.5329275799097437,0.4217840470851565,2.455776199562555,-0.29278627655114914,0
-0.9224258480895187,-0.9142658950426669,-0.9827269286164436,-1.065035802889893,-0.5164489417218157,-0.004425531598037324,0
-1.4302722914806485,-0.5426999224482109,-2.426760112358551,0.5274757598012814,2.347047483372731,-0.9660122354135344,1
0.2518828124281317,0.44126158379398606,1.1727231371317055,-1.6349502276316956,-1.7960289864830756,0.6943842828217607,1
0.6167216923417091,-1.1598480423948399,-1.672908282908504,0.635315171262572,-0.4125246525171453,-0.259734244654209,0
-1.2187960199158183,-0.4256068683163108,-0.554931680815685,0.006545767547428527,0.7517402733935762,-0.3164470878394285,0
0.5275589575029753,0.5656426841858968,0.25661608437655925,-1.595898271241571,-0.28218057902524896,0.47421358114049755,1
-2.1605426336387192,-0.7506582417853525,-0.599398296415748,0.32727953072985283,-0.19993984859036878,-0.5400836311238295,0
-3.2904229078676455,-1.8226914426321121,-2.5048203034011776,-1.7267952993129239,-0.44000739099540254,-0.5499656234851873,0
-0.7174070816352158,0.3665371628011085,0.7461294121932094,0.21397788220300296,0.5792901443048852,-0.07218859913064793,0
1.1007776331898158,2.3037412368634795,-0.6555950301372908,-1.3185867062081273,0.7731072066952375,-0.05050705195462957,1
-1.3747119624705955,-0.6915773045874982,0.7522796245870327,0.617525593277154,-0.5168968628897835,-0.10669632837320214,0
-1.120926161153738,-0.9887514455758132,-0.7306238645309757,1.3603626568185088,-2.0195555489771686,-0.5807138263407425,1
1.265331597725131,-1.8947437529274098,-1.9504515420792274,0.24727796472743946,1.8964943831295615,0.036676313565182,0
0.020185939588148072,-0.980192270814861,-1.5785229031943517,0.5135248387654212,0.2654038283485373,-0.35928675420022915,0
-2.4472774547615925,-1.2730630512450398,-1.146718788629296,-0.5277096340508557,1.6159585033387436,-0.42721999481376755,0
-2.8922479903197686,-1.290560538016941,-1.4299530090380435,-0.7667983887346359,-0.4677127721408569,-0.528830723631259,1
1.8970618323963713,0.9623714665828672,1.683928907939382,-0.10644004106640348,-1.1551797511404318,0.67764402889557,1
-0.5282468877687043,-0.41639839118943545,1.4075137048454285,0.3817942531522067,0.14803175815968717,0.247261710729972,0
0.12581547547515748,3.5166310647823287,1.5576966646638093,-0.8837184969044063,-0.02001889934442878,-0.0027004207839285144,1
2.0576449487735666,-1.212792241406802,1.149224080924458,-1.2646103909749837,1.2231901054266583,1.2750739962222186,0
1.4243701512485794,-0.6939228807081529,-2.431622493914877,0.49013580770165244,-0.2149325059853921,-0.34764555820263965,0
3.447996832130989,0.6163697721841084,-0.545176792597797,3.370270348557785,-1.3296433022393077,-0.4159187826637398,0
1.3083576165686472,-0.4105758327368775,-0.8079153296542025,1.102772200800826,-1.3453684522354987,-0.15031979872414794,0
-1.0295934353094425,0.7947610526610469,-1.275458963877902,0.21996360827459593,0.08960815992760873,-0.7542881933559765,1
0.9766341386883645,0.339241479258354,-1.96558747028218,-2.2078135338443765,-0.09627330820209662,0.1751184391594085,1
-1.1717761281527785,-0.8532205445981583,-0.8558754813375435,-0.8374188656808392,0.40011447464821703,-0.09103930520057255,0
0.3223651652184878,-0.18996851471526166,1.5926859646960305,1.5213977787100268,0.5135407081635137,0.13694071508523004,0
-2.464592172884748,-2.1022093980961265,-3.3169998669986875,-2.698020363880636,-0.10284416313606999,-0.2971082464851402,0
-0.9565572813426999,-0.9444464875402506,-0.5780563877246283,-1.1006610215620307,0.1806454642754404,0.11066720625077547,0
-0.817762705711947,-1.097424080169081,-0.42639069447725675,0.4898548572565491,1.152332608741504,-0.19635682318961312,0
-0.9526739296796752,-0.7291399634145922,-1.541875261677403,1.0270248884525133,1.1644346459929071,-0.7258828450610281,1
1.7969235002983637,-0.8152514485426469,-1.731240456067999,1.5536911247020546,-0.5403221831374881,-0.3335822682955491,0
-0.5458279421790342,-0.8610377609738697,-0.9435365079007161,0.9981150535243242,0.002782370921578945,-0.4520650553894362,1
-2.736421105045257,-1.6844567212256725,-1.9931224997263857,-2.0251335348541852,-1.613468660268402,-0.25177870610067443,0
-1.0613986336877406,-0.8909652315198799,-2.0327490332837517,0.5262009610266045,-0.4273246825681713,-0.7201452809934452,1
-2.7550231225221875,-1.4134276449614278,-1.283517679398099,-0.8680988909727745,0.20619098202932656,-0.4130297856202156,0
-0.6466441345399065,0.002627000433278903,-0.08702745618378527,0.4881505431158666,1.715701834394388,-0.2794332177369652,0
0.018131588804973564,-1.9337166562345272,-1.1800078541531338,0.19499960498109836,-0.4616295902564609,0.007513480710753001,0
0.02141150515860679,-0.03965360441313348,0.30826434461365704,0.0632186997056654,0.20542859627146925,0.0775096928032279,0
1.6093356475393654,-2.834346003443992,-3.3894689777288183,1.314893294755631,0.4130565337861825,-0.36825859216535073,0
2.1574551026126856,-0.49921952994432606,1.031617756539517,-0.07857041106155627,-1.993930836268036,0.8274818509623965,1
0.3538919217889114,-0.6561837285417382,0.7808769533740196,0.20512807593148008,-1.0017682785646547,0.3511904959305061,0
3.339361939989433,-1.6597059910416736,-2.3754327036400618,1.7795562734881516,0.5866782085300805,-0.08764974909899165,0
-2.1316045445803393,-0.6527474395068187,-0.7151983549199019,0.7054089170925351,-0.8811071495264614,-0.679586679273631,0
-0.9333499811595016,-0.5501678342166018,0.8217363976614711,1.4718894310477313,-0.15974664036521616,-0.242421591350508,1
0.19617444890335656,1.9042383470053448,2.4124706319149114,-1.2553678450641113,0.37305893532063655,0.6380826391891802,1
0.9229243563918339,-0.3436998175092717,0.2295295481318662,-0.2501503304548013,1.9716687504618164,0.3775572226605518,0
-0.06398857610104547,-1.5935036553542423,-2.0609468573571004,-0.6517837781295461,-1.538035707765441,-0.0918256227378774,0
-0.7483688074473869,-3.4419233980109554,-1.180993203937905,1.9630728046371753,0.08685916316180281,-0.31289429401242214,1
0.5165231723893686,1.7580302708233264,0.3127755130567951,-1.3961491225406075,0.764096078496275,0.21024159663849168,1
-2.083553969286472,-0.2720956512025776,1.7351026234154632,-0.45693015057259156,0.06847136852867004,0.20322843347596325,0
0.6199140815809507,-0.8855906480089963,1.097512235525008,-0.20010251203828666,-1.499587456202933,0.6358123339286494,0
-0.8891359577739983,0.0681803570070274,-0.582482813320349,0.7518563732427943,0.85490037962071,-0.539642829595093,1
0.8984357550793369,-2.29690967025508,-1.953947746230606,0.4617578045957694,0.3899605860299014,-0.01737187130086025,0
-0.6813019172785493,-0.4626742243335483,0.2820279505729113,0.8368028527997158,1.0714009103737214,-0.18920843752998928,1
0.11708432314513306,0.8543340936540513,1.2967287534432685,-1.6734093190746784,0.680657939531544,0.6313486512707625,1
1.7614191409845488,-0.1734218664432684,0.6869008762943669,1.5593810774464272,-1.352164446624725,0.1771921729111996,0
-0.4168609007267161,-0.3141641452138473,1.4410449703253492,0.882428965270319,-0.7669532388824308,0.13216688333208348,0
1.0617679605214443,0.40511963005136487,-0.7118047036727699,0.9430794085631391,-1.2531247882010523,-0.28894145526926723,0
-1.6456513174159064,0.19462322479779925,-0.34413442356791124,1.6110300703832845,-0.23239910650047158,-0.8730074256254252,1
1.9405697377480786,0.11706982081618744,0.4672973063501804,-0.4309368271424724,0.42517884227470176,0.6066043885549112,1
-1.2609080917673494,-1.013488078038468,-1.2386720382852043,1.5012731818369631,0.9166284661575291,-0.7750529207287219,1
0.7842115439352859,-0.7450324778779143,0.49471848618957925,-0.4382735037337816,-0.81007308420949,0.5434409636906958,0
-2.5971487835811695,-1.2693264041954722,-0.9948949405711092,-1.3509097968434394,-1.5125955008388159,-0.20887037037052755,0
-1.212495500885433,-0.3669678541300405,0.6298257802374416,0.22454312878440952,0.931009464327855,-0.06764919118521456,0
-1.3157291909824689,-0.34873053268420784,-1.0958562511013166,1.4346985017785472,-0.14998789139972546,-0.8573242256700603,1
0.44375039213093737,-2.5987533881524563,-2.222917652976853,1.177712407333218,-1.0814196287454039,-0.3062011593310337,0
-0.0005951499594840648,-1.451278030859093,-0.8128986201615747,-0.21526572814863387,1.1606824956971251,0.1139798918634845,0
1.2523037195058704,1.0849062011459543,-0.46319781684413863,-1.3831822253244497,1.3112102303923998,0.2786106511764836,1
-0.9842615905049623,-0.7383777470915442,0.16184044313973844,2.153294200473834,-1.6342953356297674,-0.5653587234621824,1
-0.7284725067599339,-0.13572014357496076,-0.4465150056134022,0.33037110483205256,0.6684681295291105,-0.32507200853381757,0
-1.3361880257156433,-1.1305634896024825,0.1928866486244778,-0.6707945232222255,0.06775357276216261,0.16362528578276384,0
0.27469611072947164,0.3979848660863027,-0.17721024745731273,-2.1441961809904684,0.3356579896488977,0.47888817900103464,1
-2.0502773248563866,-1.670538612645256,-2.048916222944434,-1.781201824297126,-0.5938365089984536,-0.1914619949626739,0
1.2817657459983205,2.6184007717000712,-0.4636459589340671,-0.6641871697808541,2.0019459668029733,-0.18876145336606304,1
1.4395055131366856,-1.4863959079711817,-1.23563503615016,1.3460475901384055,0.4355558483748133,-0.09511113869418425,0
3.124684217575197,-1.3830689530524518,-2.3812076343379127,2.5401956949188627,2.546048333404475,-0.37873483649071815,0
-0.5024752343977994,-0.32881007500065795,0.22479071972785825,-0.2867287583990691,0.6942334104859834,0.09241398453150322,0
-0.3086878335319798,0.1629537531243055,0.7818869817897098,-0.010590194489089377,-0.9129480730240093,0.1162133927716234,0
1.9011220943855087,-0.0383152744341303,-0.05403667071823215,1.2511993327884763,0.6810062387415571,0.062027674340049944,0
0.15813635359615152,-1.337898503443185,-0.6994810218253255,-1.8862555980731655,-1.9521852214034443,0.5798455711958691,0
-1.1009129980131458,-0.9848894638372938,-0.9572044758382572,0.4353056861197132,1.530732392537995,-0.40218603128664837,1
2.040710901296105,0.28985000485504364,-0.9149253968561459,2.4677304876319317,-0.479411858818095,-0.5092568932239625,0
0.2945010151999856,-1.7693178924889477,-2.422762626566062,-3.4447587742967016,-0.7326841912576191,0.6288488469926239,0
0.07647694045969311,-0.47395846835974553,-0.33313831808819017,-0.22204162583387732,-0.2734642464548241,0.07349438742760621,0
-1.8792722452558714,-1.3778225393520738,-2.321656029867449,-1.8725542380869733,-0.3267039949778253,-0.2611278728212447,0
0.5984809226578236,0.8235401150806678,1.1625503828666217,-1.2974813616339729,0.15542733074293652,0.6040784245489523,1
1.0184192415682665,1.3164245678109132,0.426521212147533,-0.9568994318950199,-0.300093961237384,0.31456379400042683,1
-0.8605087804268056,-0.6076534393823979,-0.592247747633452,-0.2146694708065603,-0.10732599559657671,-0.16262035111778772,0
-2.21743741674423,-0.8885569439482321,-1.1849269891662852,-0.6534781308924893,-0.29526223270768964,-0.43136172911352033,0
0.9108621428351164,0.1602012264687852,1.7397248794204845,-1.2017256748952159,0.86531690202038,0.9219838173826753,1
-0.9475021200803879,-1.3338888064535663,-2.17498745005323,-2.817459373396002,-0.7359519192000298,0.19953459501448711,0
0.3445940506905558,-1.3677639479670645,-1.5659823696309418,-2.458256809860012,0.8391848677163122,0.5392532845501157,0
-0.3814549303817989,-3.1775908007573554,0.8308705875287412,2.2547464934918997,-1.1866971176879335,0.1709243882809688,1
-0.5507335966125217,-1.2248789912355438,-1.9802584592123582,-2.2498261087684224,-1.6184578336802757,0.16698465870319779,0
-0.8655020059810014,-1.252304663038134,-2.574189259428635,-2.272760594767546,-0.7601492722579212,-0.043550699435204177,0
0.7731741443346021,-0.6365217355195814,-0.7935276431164805,1.1653532047288822,0.5587407526118416,-0.22865349875790442,0
-0.4689311457715084,-1.2830999695103549,-2.950501104904506,-3.2874340179676707,0.5999942079248373,0.2013481304783984,0
-0.8392059237423226,-2.2774123193566806,-1.9957983601381102,-0.30875734143059064,0.8681031429579297,-0.19019029580023866,0
