ingresos,compras_12m,ticket_medio,visitas_web,dias_desde_ultima_compra,reclamaciones,cliente_id
32713.930756895978,2.7989842911417733,57.118049708104714,15.883976409163047,74.29073306217434,0,S2000
79117.58135142867,26.884644978736453,152.28920828508376,67.32811137729315,7.115589747947308,2,S2001
67501.68403633662,20.62389397781817,185.24343893034566,92.12842825773642,4.397255783760562,4,S2002
42542.10728064262,6.134401289331646,53.10764577407048,31.597352714641104,22.766703023723398,2,S2003
26341.42454579985,4.283297926657886,34.5582178615228,6.006453466384987,76.76444011307787,0,S2004
20929.78938473882,5.541765349870879,24.982340153166767,3.166938555819634,65.59332939344289,1,S2005
54760.47054453453,20.38632933876832,160.93879627320126,83.42526102185815,7.8269658128173045,1,S2006
38141.70252561316,10.335400093732371,93.08910949904211,28.098031296263116,19.306357432965704,0,S2007
31940.538230035767,10.490377352446297,111.71727653623037,38.880309545102506,31.08881090757115,1,S2008
66531.32751285555,22.684729260335253,130.61758980906694,95.16428097405709,9.026010980437453,2,S2009
47425.032045289016,12.022219531382133,66.45875842469125,32.35739788163454,17.07093002655363,0,S2010
40952.39973682697,14.86630060087403,103.38630626246525,45.86870476205563,17.96842110990916,0,S2011
26236.523716576008,3.060250985563642,55.046299834172935,7.981694380809362,77.38200170758681,2,S2012
24797.713650524158,3.980712352120898,22.190831087066606,11.172620231087807,84.17444615020925,1,S2013
47196.505501882035,13.994364022083417,148.99235455886617,48.96166078822825,19.73464233699035,1,S2014
28692.87683204606,4.036828257644124,49.986295741246394,19.036726280242,74.53570289099312,0,S2015
42281.746191532526,14.662407793220773,96.29317528406327,46.60540518369123,22.193531964292095,0,S2016
25802.870761607413,3.3617609787629537,39.49759964180395,14.177418098926424,77.53039073797287,1,S2017
35285.19937671218,3.8796109492051327,33.10519806225694,13.125012015757957,83.00099211764172,1,S2018
47695.0449656383,16.36515975871374,48.91653984588702,38.924762584956895,29.675323043638734,1,S2019
23050.994705777408,4.560168596165591,53.93530188565443,13.493468207706728,113.48429942416934,1,S2020
68096.64613046391,14.403161708022099,185.87468420395803,86.35688037527072,8.10952527599899,1,S2021
20272.423226807903,2.928097657697988,21.87619599400292,19.76706387057571,112.06827830098742,0,S2022
43513.174786517135,15.930894066040242,84.90735559702605,40.21387051107045,21.286807085528054,1,S2023
12791.301939268114,4.787638904716993,48.299664460454416,5.534811674933924,69.77614730458092,1,S2024
20022.08066638469,1.132956955373949,35.87909867907033,12.55575139174403,78.61177696686713,1,S2025
23206.05860214893,2.712792120213946,44.153791738600574,10.598576960102852,68.92618539171863,0,S2026
55744.80851572107,24.779993156950027,196.4342343349729,95.8888351008951,0.0,1,S2027
28159.48874301723,2.0049351222261986,34.59131532248465,19.170029147161557,93.15190507253648,1,S2028
58233.11688256153,18.37056241678288,196.6525831951368,73.19288069794862,10.547680327051182,3,S2029
28999.899997454424,2.4730964248344387,21.79136957629037,11.061544337412567,70.272390501486,1,S2030
26998.05448432934,1.260827244622162,36.647909793336346,13.863961383891558,60.48897072777255,1,S2031
74050.59914461317,23.489480077476596,164.90656628523155,127.6800202734248,4.528768697886395,1,S2032
33575.31027182071,6.160264531526702,110.48134800579697,74.52352221421046,10.855911850534136,2,S2033
44456.00625236905,8.933524408996767,144.20497830885512,51.19315251555516,32.32176252164085,1,S2034
23194.352603867726,1.3749832003708364,12.116787287293043,6.930611153056205,106.95744129385292,1,S2035
18167.77728275808,2.337416706772954,33.77811035537165,13.12578541131995,52.95626264003937,0,S2036
37439.40650090276,11.621801028631701,20.551960746442276,55.128939029770805,11.640492603601844,0,S2037
77421.00115040856,17.66624540529988,201.0706465395126,81.24263001604128,13.27121339928873,3,S2038
21708.662437363942,3.260809851913598,32.60915020612344,17.928536372786105,71.84076561861391,0,S2039
61660.37874746128,21.124239363444552,174.75087863131438,71.9814031122365,12.758273150778649,1,S2040
27175.55386650577,5.097624616376486,42.228826943742376,9.445873094868265,72.33087956357818,0,S2041
36248.74364610923,9.799233106139503,85.36472468183158,50.887174281549,20.04293174653366,1,S2042
30382.50501933841,1.3442299395476478,47.90783190134305,4.896072207588839,91.40050900094047,0,S2043
52587.45880606829,8.068573233631437,88.83773727034558,45.661731163046156,21.182409947010456,0,S2044
16940.365134929525,4.829539896790453,41.70423593561264,6.839312568651732,109.5405872777146,1,S2045
26927.102205035568,3.1100187150425413,16.994164697472243,22.479936452343964,85.24761925720128,0,S2046
61903.40321345407,16.235786152447282,201.91549752345054,79.05025727155281,8.50295425018284,0,S2047
40340.63070745374,11.080312198265107,111.00352934980744,29.987498129342804,24.426282698641817,0,S2048
38782.078757870426,13.644045005729,106.67345131407811,60.374202677942094,21.041263333804043,2,S2049
27360.404203007347,2.575189163653027,53.693095950718075,14.844725092414677,54.73979052459775,1,S2050
67000.24565941669,16.127321677884407,108.59872838353422,72.21154556303854,13.536153110592561,0,S2051
37135.494564551715,16.12525334324395,113.67207671665598,52.81377973566382,34.746212045394834,2,S2052
61129.12966655622,19.880592611049085,233.53298077055382,77.84815820822416,8.4583802753394,0,S2053
24932.922372396624,4.112716223023157,23.799864415281547,3.2576566626774603,64.24876807331435,0,S2054
23661.321831434667,3.4498491463856005,47.789655856547306,7.8612868964936,134.39824285334902,0,S2055
89194.66236972917,17.157122918048753,151.40897622925985,89.37911161371684,6.880952346996784,2,S2056
50530.49407147346,8.136949202535252,99.41932036841825,24.781272574247637,17.834389960848,0,S2057
69139.86826959132,15.015717743843691,161.88604119556206,71.14056171885026,12.574179563888865,3,S2058
24583.2230115282,2.075061587389327,50.68091043424177,10.874139434437723,67.77097465514042,0,S2059
46942.69357926447,16.7748673853082,69.00903159810717,72.51846915856841,17.4691718824137,2,S2060
77119.00773855274,24.439880129137407,156.62935428268645,62.53053108360732,4.034225926147634,1,S2061
39694.73680741296,13.097605500646527,93.36107248210125,52.314033746867594,23.177425987892615,1,S2062
31203.202556227472,8.189162854062358,116.29855053875394,46.51492949906964,14.123613109907222,0,S2063
19907.89319262838,3.9489420515473626,41.07051078929221,19.404417956480334,46.45214789855426,1,S2064
21344.590989977038,2.577975605941745,60.66896707762318,11.079522814562901,61.89165890499276,0,S2065
19304.93550087476,1.715419919060838,42.492524352826905,13.085224253931775,80.38410838306729,0,S2066
40965.673612445506,9.047449095805618,66.13087875400086,45.27098190142475,20.943063550602748,1,S2067
59211.13085143556,20.463753215528666,159.36445575431154,94.80047163716547,8.904959252467652,1,S2068
32748.804853875103,4.12970894021607,46.43464950008333,12.702207636718025,86.72113782103264,1,S2069
42897.096369578416,13.211440426877813,92.8812571239824,33.18305237551117,38.4675503778049,2,S2070
73774.57112064694,19.04960861758966,168.72932922789852,71.54714795715036,4.744494989939385,2,S2071
23851.597878545002,1.6685070735275769,43.92967422701895,14.237100041028436,97.98050455894911,0,S2072
52729.97535955455,19.333851339448486,182.19248411220102,110.17758900080852,13.624748176920955,0,S2073
62414.29032457476,23.430398138039507,212.51551537013557,103.60393354728646,6.972789395907954,3,S2074
19355.441317932455,4.348862531136955,25.806541969483682,15.44338302503507,80.8621064845667,0,S2075
33485.266716349,2.300302193685137,48.532356650687994,7.554851445387304,78.08201845683195,1,S2076
19898.83763002899,3.286493946811005,45.329336687495015,15.165171451527923,83.94502588160829,0,S2077
63272.18210440626,19.208062522373364,166.00443546724685,66.23578390370838,13.945549750635235,0,S2078
21490.414513084866,2.930596705707562,61.39805661052432,11.672380349339694,83.89824745335164,0,S2079
35519.98064906348,11.050298832263035,50.98579045078102,44.3068234877333,27.207480026024164,0,S2080
42909.27380997766,11.660357586498286,59.13648827548952,50.768622353123895,27.272144947197567,1,S2081
66886.93888210888,19.75913125645509,199.87517791084116,109.18623667137244,8.436844444583292,2,S2082
60060.02142843576,19.674899651791645,205.64481398137582,65.39101063388736,4.552783657153186,3,S2083
55235.91458605061,13.45216724717093,200.5046320657084,62.811017364387524,4.159178390587748,0,S2084
18057.38799823666,4.518848804074389,36.83880585602068,14.10734210682396,89.29029963769449,0,S2085
28854.09803708557,2.092354570210143,48.0895747618889,17.556144573362484,96.2834053060797,0,S2086
28445.37195335006,2.222780922932046,37.71706607921956,16.884508662122208,41.48056434281302,1,S2087
35384.99104927552,12.20105953773804,106.72588664179924,43.16215409065583,24.409982293941066,0,S2088
54400.507192711986,7.806462900756138,85.67486224869421,33.34200187833544,18.74024099157645,1,S2089
70888.3949644198,16.173176764015864,164.12003835549692,89.51118228540935,11.726523304969458,2,S2090
61060.28681648626,22.09780990400552,165.6218575843859,90.91261413022126,4.582540882568897,2,S2091
21505.362248708767,2.733450244995115,42.34368087821945,21.864955920891433,67.17766502182016,0,S2092
58089.82721857866,22.29210354311435,175.24195065043253,100.51548153407383,12.211170498103407,2,S2093
29763.36591396235,3.2058654335883063,30.173005291278873,6.926284038720238,89.03558179909399,0,S2094
18235.208363889928,1.9410871819887214,49.75932327457254,18.633708771658377,64.6769367514401,1,S2095
60635.114746854735,16.80079697025795,195.43352228330406,66.66876612640145,17.550989371212673,4,S2096
70617.12066810437,15.245264192877999,209.40734232496314,90.87519467956993,17.647271764550986,2,S2097
29313.73785876231,2.105967508789722,34.4761787584999,7.032480901882902,89.5767843601638,0,S2098
66821.46342531666,16.626338801646554,181.16927371312406,59.56027688222447,7.30875145882483,2,S2099
60601.089266535026,27.043646946810785,186.86236862862665,47.3615888079828,3.7027475984869405,3,S2100
21048.542958098576,3.3287312070437136,36.170409726232926,17.865507272731023,63.85186626994762,1,S2101
27092.17753100031,2.8444172127384832,50.45136764818471,21.20791206915589,76.8941252653477,0,S2102
43472.548045263386,5.798348697215941,55.840057840891745,55.26952934503931,6.192971200976226,1,S2103
75112.92104707957,23.213574242148283,149.72565835326498,83.26840560788841,11.304779994084665,1,S2104
24459.8072112926,3.5041659107385046,32.69301930462659,3.3093870191197237,56.795469504423934,0,S2105
23060.725156868215,2.8264558581470953,52.96170364129239,9.093680791213567,82.98324703716561,1,S2106
33066.11364062956,7.33594841872501,119.14881265923071,58.679533751388,31.930962385795276,1,S2107
45978.197855859755,12.858895888822655,96.78213923816271,40.51684741478381,28.160862232379642,2,S2108
46143.47648150983,8.562442946318555,87.18639610352412,36.208249304728795,11.222396041167418,2,S2109
33672.26307685614,3.004293373154479,38.429450036626044,14.230143048314165,71.411254812677,0,S2110
60537.18641242554,23.01715868159713,183.4089631121247,79.68044026648761,12.571691905166622,2,S2111
37605.07436881395,17.93030263704496,117.36567371054859,68.4993702383803,29.20139797274796,0,S2112
49161.68173220162,22.357174480498703,144.02300237611803,92.07041542665893,7.6647688403175165,0,S2113
78765.62413717255,27.706883566042986,170.5014389744733,55.43759986100869,4.246952730052802,0,S2114
76494.0654948646,14.706488466834728,199.34820311501625,96.23652481416607,10.928855249369414,0,S2115
47276.13215999919,11.969109739457826,129.3912071037804,100.83168951198357,8.18975686118594,0,S2116
64662.0000042794,14.31294065443537,192.23657264708459,72.31797385835611,5.544459421778253,0,S2117
42148.41414062307,10.256402064722003,105.82966738450848,39.1724438771254,34.358761844234564,0,S2118
35770.813029849676,11.177620522279291,97.32898452276524,40.55256482757869,18.205899923289202,2,S2119
31781.860913474404,10.73655857403568,57.82686312888694,35.24475697553193,22.684516472102445,1,S2120
41478.677192905336,9.999026935934754,108.74723756855045,63.02116144813136,16.588657080251203,2,S2121
26463.87777183757,1.8914133294916973,35.955359350892735,11.40259929554629,44.66156227651409,0,S2122
31144.133012346098,2.8914823787018618,23.94569354079183,15.163732595982706,72.41953688500794,0,S2123
22757.322634221997,3.9801541190785295,28.629202864279826,6.573394028731418,81.60340022138094,0,S2124
13622.74664014105,2.046165141921899,62.51943573499413,16.962877318482466,112.62954670249599,0,S2125
26627.543603672555,3.5497500952228327,41.20706592890398,23.19860964999532,53.009806492932015,1,S2126
78615.91390327037,13.564380532221517,237.8163411168262,86.34691491222486,15.237461729910045,0,S2127
42718.18122532119,10.498622109020882,62.013446449634415,47.383225918080626,36.36058925302049,1,S2128
17342.288140959274,2.556065898304419,41.9728425293781,9.76485035847044,83.0718598102265,0,S2129
44969.288159638614,10.630199251457903,74.58063399469567,53.345527001752075,37.08648713799066,0,S2130
16858.296212252397,2.2742522669125425,47.4210766086012,8.651080613171882,94.26660416492454,0,S2131
78613.4332227692,19.631823410012874,168.12879421011698,78.50799454719778,16.584332974207207,1,S2132
26800.434263021507,3.1805638741880022,29.645425372604727,13.968528733489974,76.9966499496945,0,S2133
14339.477698027225,2.7191427048992827,42.01107596516415,1.4087915610072415,93.12706729933775,0,S2134
61765.367518534455,16.8100565130748,163.15440015956983,115.63221142383883,1.1003104897936797,1,S2135
64803.24301944408,13.166464299130626,79.30053097203043,28.274928516917026,25.273995621762072,0,S2136
45901.91302971683,16.329967216955957,254.15098355272113,92.51658479588556,8.886007420765099,1,S2137
20147.549200307476,12.152510324672892,107.75948867205682,50.42084315868228,28.702774044133903,0,S2138
21175.137678145427,2.2197319140387517,49.793894726317276,15.952418142408884,70.93635823311413,0,S2139
55005.53289217591,10.18874036882772,78.87580220587735,60.9531804611326,25.467419701175306,1,S2140
24145.300580679632,3.093684828673528,40.00191756449244,14.708376270752606,80.43796506956159,0,S2141
28093.64418009787,4.422670832252101,48.21272220252246,20.98708979969039,79.41435487703963,2,S2142
24231.479364301133,2.2771212712508175,38.57166073803633,13.819633220440634,90.11438896212407,1,S2143
71928.6005607903,18.26810522128406,160.87743085787312,80.68813771154136,6.793205310222157,2,S2144
38395.97302407107,10.254601370777813,133.52737723442596,48.75365639985989,21.180134913446842,0,S2145
28400.10498912685,1.4344639028526156,47.24611560850157,14.698567895703352,80.34649418706154,1,S2146
23811.981213563984,3.3099133337464575,34.23246288327331,8.074935357076548,56.13150743717052,0,S2147
64299.85561193088,20.439705119645197,200.53325432988896,79.25052411134416,7.545204036869374,1,S2148
27615.218866967025,4.0695436245027725,36.07817988472219,19.990366230202262,66.99637696147231,1,S2149
57915.686741321326,6.131742453907666,115.95982429956027,51.72388661194053,21.739052914174902,1,S2150
57513.31420610429,13.918589473264362,124.93559155056022,57.84866738350816,23.882890368417275,0,S2151
42671.26497025915,5.243221192721446,109.17531571411014,42.397102522763575,28.75406993326513,1,S2152
21667.944861079563,3.7910781764480728,28.003714338435316,6.124657243810187,54.062481847035826,0,S2153
57344.24345447477,17.108761451226165,224.19030662064824,69.30654457331082,11.760035032948338,2,S2154
38371.67607140734,14.246040108310758,65.64606963044557,54.74566964673215,22.152867779470157,1,S2155
23174.62830064653,3.009842972361976,32.00850830477438,17.04498339212669,68.43533964272996,0,S2156
21199.179451328113,2.7541236174443227,40.26501588576922,16.01136236744619,75.7282475085677,1,S2157
29246.027719087415,0.9484315731340995,41.27259610662318,17.84674364358082,63.456276177577536,1,S2158
20235.69629430823,4.224222411573981,35.81091762995395,10.401791590085688,85.54371994762829,0,S2159
44774.71885656788,19.074430030163256,188.28153449140777,91.60418917601108,13.53122713434719,1,S2160
22214.451999027457,5.1832662988658535,59.73079908385421,14.140448546238204,71.36783584559947,0,S2161
68255.34205881858,22.106236871669182,150.34074423561535,79.53544000486464,6.2985964280836395,1,S2162
53563.10763776823,8.679860141171098,66.62664748261113,41.373239558376824,32.322431488477335,0,S2163
21645.222161458772,2.932505640630108,41.53879410096797,16.838368278533785,73.75934274505286,1,S2164
21086.21825917825,2.3986701225822484,19.563815066414204,9.55050498305419,96.14871580058568,1,S2165
46517.88320070887,9.416237180533242,131.72596789074905,34.57134561926726,8.598735546781526,0,S2166
45408.54598873491,11.008840665697825,75.18737822987373,43.972570428934546,22.417293380100755,1,S2167
54250.51926144421,18.024111161066457,168.50651419777023,100.79833087134904,9.12424698983869,1,S2168
42878.310974298955,13.625481100396904,104.94498906749459,59.85000843045511,18.96755203456949,1,S2169
42574.379127113,13.30301410952335,89.5886542326942,32.27592209930225,32.836262922202955,1,S2170
33576.12252342111,3.7471381877884804,42.920278576692574,19.869410096981706,53.16209040583862,0,S2171
66079.89346483443,17.72401440061784,140.82746626490677,106.26290082837694,12.107102650790615,0,S2172
63350.54745790552,23.118254735424003,184.07976897601412,82.95873664071406,12.21532018724361,1,S2173
26618.45808520199,2.049183015389309,33.49170141624697,12.52425670360316,90.47080939391489,0,S2174
16768.52600245518,3.3199236000022836,52.37389640782962,20.96498210368894,73.02497036097589,0,S2175
44942.80927586027,9.759193969473424,97.25604947479243,51.40392967329929,44.837464818710544,0,S2176
50514.5728660416,22.554686101040502,177.10979184162798,64.92262684635287,8.838137080293967,1,S2177
47417.2044161601,16.012750416113057,87.73984716233517,46.69610794718746,21.220772899422062,1,S2178
40383.33217878044,12.023087628889702,93.8190611652365,51.03532752587354,18.702863849033058,3,S2179
74986.47035654951,26.112750930862354,141.16560864159084,62.672754595345296,4.39230058156961,3,S2180
20758.93266134876,4.164549084906719,35.27369896927788,14.86986413031752,105.55991344409193,0,S2181
41057.999041696545,9.667664013864858,105.21237076143115,45.099781262737615,10.293755203264503,1,S2182
28760.01188155188,4.047545434585983,32.9518285567255,15.044557774515553,98.27001423368486,0,S2183
24171.493370863045,2.986041413893683,40.71166999411257,8.598406014061062,60.12310096854072,1,S2184
61264.693155907546,22.535934461835026,115.20409750907504,53.00847070036901,6.569783717114689,3,S2185
48666.23612088074,9.685212967560807,73.8525583299222,46.67948816045542,22.919927181796066,0,S2186
76646.03291963073,17.167930232702023,169.9698642572321,80.60861053216439,4.5806460169086,1,S2187
56263.915318868836,8.161421592021497,71.14855323816289,30.315151615252134,20.195557658636627,1,S2188
55173.56954599928,14.221826297162174,236.7808161512407,58.83623237003236,13.52575097987476,2,S2189
39106.64986251774,12.178949300479498,118.93316831912122,46.83398736909118,18.89162240590287,2,S2190
23509.566009160968,4.107780586896977,46.10214808772697,10.653515646929492,89.76258070918456,0,S2191
69710.02975708024,13.887759181017103,185.38653421000782,94.0541222808253,9.193606382801098,1,S2192
24376.065849650153,2.5588931123451353,38.00339797977504,9.791723776979978,76.41244655738457,0,S2193
46008.43083859767,3.2635489437180816,112.72164794486038,34.6546112589059,35.40724114688941,3,S2194
48528.237420569305,9.62239689858424,88.49771772687485,24.6971607464126,33.956145183335096,0,S2195
26335.694762098527,1.9652556079595551,22.866648488685087,15.61229012867117,99.26149710112402,1,S2196
23577.6536062132,2.2309965802110328,38.108346737854454,18.741547919850213,87.50531521345344,0,S2197
67632.49873963052,19.824150889983716,219.33322476096342,84.61738831397145,9.124009091763108,1,S2198
24388.331114710145,2.8757657546423117,31.151004665024544,11.773777317844731,97.13416630029059,4,S2199
45617.34103006941,12.678510223009564,121.29985120371724,56.911499600234805,15.653777363027253,0,S2200
53179.410106238756,8.659317252004957,83.58022796377735,56.14318225256294,21.228114202985648,1,S2201
26679.155085808212,3.775747842426439,35.04369165141466,7.214928350330126,64.42895546433222,0,S2202
66201.24180945569,20.69697770767311,193.06579412465499,63.49021269116004,4.220276367936217,1,S2203
57493.360571787154,22.22228273524632,194.9147503525362,86.7666733997453,14.032777764775108,0,S2204
27227.23590527284,4.795775776609906,49.25587654053122,8.033894337923401,86.6971454065395,0,S2205
48282.05812040203,5.5389976708186905,104.95890919047905,62.96147065599059,18.950738254263932,1,S2206
25210.992481605652,3.1061210979174545,35.88742790916846,4.403960618503716,81.88491528372684,2,S2207
35383.541030153465,10.946586679186897,89.87967906082285,50.82957528269355,21.209515898403424,0,S2208
33213.42497371898,10.67068455313051,93.43113014378521,72.11500355891418,18.46860404100006,1,S2209
31319.708554147426,1.9177799604670864,54.56113230770837,2.7666393967125167,137.40779433293733,1,S2210
32914.189822380824,3.443716819164036,32.09163156822281,17.97831636934805,107.12315801685583,0,S2211
42689.529835795416,14.549632708835322,103.41818710244715,40.74823323903294,6.291191366962364,2,S2212
17805.70702054636,3.7691374147371075,50.55589686855333,3.2606631636096974,99.30010142705278,0,S2213
21978.168572682956,1.661250258897409,30.410046063900545,6.637501149464592,48.60279398836791,1,S2214
56030.746079553224,15.923009468911864,217.57119653504628,83.98128038274795,10.747881708487713,0,S2215
34392.28034964005,3.203942490870914,32.692369277093164,8.32148282090512,96.1285061043994,0,S2216
43094.64316780229,7.238519788792182,85.08406369677175,63.22037753086356,26.714532119167252,0,S2217
19844.30619034892,4.053682555798821,27.74555991720744,16.373440871005084,91.5027547445965,1,S2218
69881.78598830121,21.498322136018295,246.07800828013455,68.91282540027149,14.143964701835095,1,S2219
20807.458775569572,2.504558288446058,38.111444221995136,19.208741830436523,89.13285829485683,1,S2220
30170.389152406417,3.2270089419071044,30.528937018761276,17.280003165142034,109.67804296107062,1,S2221
51954.07160832675,10.189854997667023,77.05137969352108,49.352373734183224,35.81160953569226,2,S2222
68011.89646156123,23.233014634595033,199.38423649061212,64.52201685074715,15.092174927965214,1,S2223
74289.15473855256,19.002176746071928,190.20868797919738,65.28331109876282,9.483070843498071,1,S2224
18498.591143263806,2.2431785905639803,45.14693818053555,12.548599250722868,127.63936271787159,0,S2225
68208.16160835681,17.886465846228198,153.86813260441548,76.15823908598132,6.093054105966683,2,S2226
48195.41037239114,11.486378279448488,76.5880939232633,49.26732723595214,36.79889757909394,0,S2227
88348.21691346848,23.997421647168885,248.53653652735719,96.14233449629535,8.392130023841595,0,S2228
71015.82335620778,18.772251481721746,154.29456173903682,70.83066840486401,9.494020428576722,1,S2229
43521.07279030342,12.513613129297413,107.73251047920381,49.59176481237223,22.379624928645182,0,S2230
49996.2914111868,4.814445338964382,126.8527104089898,35.78534159750481,12.954033614385024,0,S2231
39830.19523376243,10.22927628119238,57.72121881488638,40.029155757798534,33.38140745258648,0,S2232
41240.22330710775,9.654242742291952,110.60366920418431,29.9245083358489,26.63756852833421,1,S2233
25003.738503162178,3.6714427711028743,24.633773843179412,10.082950686623683,63.99432650076859,1,S2234
25642.264112464858,5.468590329113054,47.458897109700544,19.058289916703163,56.308948787239004,0,S2235
29836.280813282632,2.0159729532741464,64.95971508154184,12.463604916621382,80.96715607311539,0,S2236
55017.83748145307,22.023663423658203,178.171198783825,87.11542730560744,6.742042433020608,1,S2237
19737.16990598313,1.707648391032882,24.01813160346252,7.849679173042955,72.87793636562378,0,S2238
24659.382511294818,3.9566175028461736,29.964482431217128,9.84532421499985,58.151537418024866,0,S2239
28862.027727042536,2.2053774907743557,25.032652839736485,11.563903686317602,63.37580160673093,1,S2240
23666.38731010013,10.932924088980721,121.07995789072831,52.72831077732127,15.160802654318118,1,S2241
69278.02908110638,16.026129525792683,125.89530125898455,60.49890910853601,12.680404855384577,3,S2242
54973.48863573979,6.643801916568601,135.6983493137914,40.43408217273696,30.67183611167154,1,S2243
16831.524387046935,4.121313020342505,47.72015592521464,4.1397855614118155,105.50827539894809,0,S2244
55240.212909444585,18.341386688804626,211.21821092253273,80.0378945247171,11.549289990842063,2,S2245
30015.169334548795,1.7081228643446815,48.27923415077845,16.93584096653734,87.23689486952455,1,S2246
78909.45548078627,20.945201147768827,126.32058358885588,96.90131290384357,14.207787437690513,0,S2247
34838.94543162824,2.4417285275948277,43.91225391499124,14.376795041163541,84.07224408784448,1,S2248
72977.09301727593,24.669798322468,171.74694945696044,94.50006909935533,7.48587883747049,1,S2249
26305.969605407543,1.1238373792195058,41.11258978873261,8.046517495430466,36.12139108885094,0,S2250
71824.51695418384,16.99167586818195,73.64022082093976,82.97364962844213,15.499524312192037,1,S2251
30943.612228930608,4.2042795670184,58.51753821608253,17.54554256248869,69.4772832461772,0,S2252
14725.426881675166,2.5979345874419075,58.6363153214715,18.973549941067958,62.59965553222888,0,S2253
64844.997266451326,18.945272151206844,165.31822945927104,59.7379832621725,12.86152752419566,1,S2254
20365.55226184089,2.508028345426864,63.57799907119162,13.173111559232455,70.1890628577155,0,S2255
72515.73505548926,18.094236727292376,144.4874568812843,108.32502200085565,13.294539264993988,1,S2256
45376.93062022622,7.809103239421624,116.66416964636123,42.96664801654226,4.234487212614521,1,S2257
41486.937896915566,12.528179697451941,106.66294631304946,31.88018229658752,27.47243120591999,1,S2258
27876.270290647823,3.0100718803818665,58.15275965040654,13.912910624290085,82.49932379909886,1,S2259
64011.4536073323,14.659099886841076,183.80503440518123,90.63398506018214,10.162672024887614,0,S2260
60017.016874927685,22.177961331298746,192.1585860975625,46.92249255624327,2.639642001961067,1,S2261
58572.008079266314,15.023482197662211,63.29675123303947,57.318183407158116,34.80461496164449,1,S2262
21773.631836606,2.913822379212746,33.423555417846444,6.386717805389381,111.53955894137268,1,S2263
11050.130862287413,2.3254188266758526,34.93048796825619,12.785939778017466,55.20607493364932,2,S2264
30774.671937091793,2.676566065977961,56.931417773664144,5.832832185623047,75.01230058282601,0,S2265
44454.30567639528,8.779718910677433,115.18488810151632,33.86557673050032,33.55640617829021,1,S2266
71294.0751447062,20.584063770433808,207.49286839308013,90.78998594836985,10.437147451121518,2,S2267
68466.12983571776,21.58238335674409,209.1200783852533,108.5084433283858,2.8602854345053927,2,S2268
78124.12158796865,22.206908072478015,166.10702335058727,55.98353518850085,15.623174051017726,0,S2269
34616.022525718414,12.254462129676003,144.83942315432046,40.97943963449942,28.27488059228916,0,S2270
24607.78567931279,2.8139769775834975,38.89017103702858,10.618565819472519,75.51206959207002,1,S2271
66950.28001698748,20.253531635536046,172.08812555913022,57.08786383015532,12.753528640810261,1,S2272
79229.58683189824,23.44980300855092,224.94718150297086,101.69837399582947,19.543210607962948,2,S2273
53635.361639940056,11.107037851273848,148.789751265608,55.621613874454695,28.31902820605451,0,S2274
21273.095893702517,3.4826912180146397,38.6269967232698,10.719578747779744,77.3946607776614,1,S2275
37407.177819059754,10.955491926411046,68.48232785003451,51.17226901096335,18.27566226937933,1,S2276
27598.860643246357,4.333059782880621,45.33041608220115,10.163783602958084,61.25405615213209,0,S2277
34012.64760947003,3.8318333655074657,26.184306666992093,6.960456305524979,52.64081722814413,0,S2278
42708.32619405952,12.771135847679762,106.3250810863234,63.09905566360198,10.187325195613054,0,S2279
26114.528294644,3.0448079198582914,50.065645546425486,3.6923798537987036,91.53859880867708,0,S2280
78891.03998103975,19.502163319568226,138.3067846207622,98.71249535440285,4.64437426547901,2,S2281
31258.794038369353,0.922779122924045,42.81908043191673,7.00296811524449,60.48594353705423,0,S2282
37720.19841264779,12.749494612890421,89.89818321413091,59.76691514894891,5.597158076662804,1,S2283
58421.18535290548,23.795964506251007,200.53883195434386,84.11010663111787,7.987681116481271,1,S2284
38061.73795351267,13.480207546328673,109.21634241613434,39.8760320549485,38.27114333422614,0,S2285
64819.2660942419,15.722671260610309,193.42786549006684,111.43442337405864,5.31961211122349,0,S2286
51656.94299575589,8.849583434380566,112.33332214349579,59.67466882932352,25.738603213074967,0,S2287
81370.04505502382,23.405662360906692,157.72926861857624,88.01413109157372,0.0,0,S2288
28764.377015688227,2.139975616078212,33.908371027271706,9.56024403929095,78.4394900145952,1,S2289
23281.524411689126,0.0,44.17477056365769,12.65748269837794,99.22295315545658,0,S2290
41503.329294499395,15.25567905407269,122.15897511305725,36.88067935735933,37.95800074581062,1,S2291
77114.92802662849,28.56421455787654,217.4194212163281,67.46368708872058,12.919280268679483,2,S2292
42494.87910662036,9.017731740755472,122.0685918255505,40.39475060795511,31.84132477793574,1,S2293
25143.099431119124,3.477115905223035,35.78296117479084,14.158382631009449,76.03425012562413,0,S2294
21367.086499127323,2.5707031215377905,55.230495444659994,8.115365671292803,51.95469534177379,1,S2295
26621.27678469118,4.488129469122317,49.14543637250664,7.9897049934062565,117.8347966601431,0,S2296
39191.40087172414,14.198260190644323,112.23780749798179,28.61034912278987,20.128365006448714,0,S2297
14518.754857250155,2.829100059791059,50.75571226498223,15.880365408624566,87.38188626895106,0,S2298
21897.227020200844,2.5852477892642423,45.01185947016849,17.84383232438312,117.09361553111592,0,S2299
36833.3882812448,3.492456535328623,50.99807893349701,16.474953995647287,82.46089386065321,1,S2300
32472.13608124898,12.785755616509718,91.11606647468902,50.95867841671562,22.118247534663016,1,S2301
73154.41124001303,24.90861729948283,208.71871901211063,82.9226489422339,3.359034188206775,1,S2302
46781.90930012788,12.559120433172984,97.76714640684854,19.02758405786076,25.47344336292689,1,S2303
14115.548406406466,3.4587294439370666,54.36704781087361,8.238265238203649,77.19586962616921,0,S2304
22650.65035172381,3.6671425699280396,55.84768485385614,18.485903622616206,93.07894538109954,0,S2305
31941.18947018012,8.77359808257737,112.31047108930423,46.88971076087669,23.716736343739814,3,S2306
46137.96727091605,13.299854248007456,94.25450215705246,57.00054498494749,26.241197324269933,0,S2307
39107.25267456098,7.724193618295598,102.3333814325822,27.572803768250232,26.934883480640707,2,S2308
75558.4291055012,15.166316669551247,140.5390748463265,74.05631304060873,8.586573941125216,2,S2309
70704.78039415102,22.33080737735824,223.7846439610053,61.14786907112149,7.488094000315422,1,S2310
23075.815611090165,2.9703334263637142,26.363739413312157,16.356464537956597,96.16207392481368,1,S2311
25999.144140357497,1.2911706071028746,28.323895465086103,13.520177426490408,69.26088173864741,2,S2312
22845.86209366166,3.178660832729574,26.713684537536288,15.790034184167354,98.76422196520144,1,S2313
43850.19977619094,12.4621414439445,107.61005603354498,48.45667566703711,18.80692800343734,0,S2314
46499.932034770645,13.882611960945107,99.16508369096366,40.296524600258365,19.838008344005736,1,S2315
77476.49091100611,25.620542272252603,212.22131826578328,94.46564021985387,15.787618138076212,0,S2316
19771.93782974124,2.787665900854456,9.720580885539583,12.655294813404751,78.16256540169545,1,S2317
60867.5469653061,17.155505827551778,219.307231842112,87.61673371363209,5.1687313251651466,0,S2318
43053.438974525154,14.728502007630482,59.65665881848564,35.35165753816726,15.87515387588931,0,S2319
62939.41421937472,30.348514477334902,197.0527419662812,95.13719994290636,5.29041639631787,0,S2320
46135.861115075124,8.643201848955911,95.45844221999849,42.26313481130197,21.476437603018205,0,S2321
44062.95992588064,10.410274357362985,79.4977464684182,42.28130498932168,29.091151180760907,1,S2322
18314.340245272673,2.4117315971889353,55.19197487650952,17.783734146394295,104.19719061959148,1,S2323
65238.81742382537,17.73880921415184,162.23600406371276,52.07954208468658,7.602515362369665,1,S2324
22550.077040840493,2.2745190564767537,37.36798417998961,22.772907844098437,66.23818383168314,0,S2325
45218.912858231255,9.722510541160695,74.38040024899385,40.229226564522605,19.08031853916419,0,S2326
24190.764723023356,3.319281497805293,42.32682164457768,5.1339364429863625,88.92113888351734,0,S2327
16454.475451016133,4.681210939592827,46.095106639357546,9.14809676200048,67.72629266247054,0,S2328
18843.089174703066,1.941504190404476,51.38214162663268,8.20241024439073,59.36426271618993,1,S2329
26264.873275227696,2.4354086071082572,35.138756868528155,5.252888460925153,118.49589188532181,0,S2330
31758.612389679754,2.923547259349518,55.022213582788325,11.90349262349087,84.08698860072967,0,S2331
73911.76159894936,22.91723058341438,164.2290057170796,94.41330248854064,13.628343036108777,1,S2332
24172.896407646425,3.9818667388866515,59.80393896640398,21.576413862339972,67.9916355579019,1,S2333
69433.77044317557,22.8135304744138,179.33806664627633,102.38543614524775,9.22344672401299,1,S2334
23235.838742965065,2.6498400811802596,5.190579012401599,18.22249874902966,97.77325639540746,1,S2335
41071.60274810144,11.663786823042525,85.7203536835407,58.309539406755135,1.5867118611553934,0,S2336
29544.22055257584,2.1800791998254874,33.603413194044414,11.417105773601316,61.04534340228324,0,S2337
21236.031809484673,2.6152432802405614,46.56775208640065,13.123829635701735,99.98351359939524,0,S2338
26091.77231744659,4.864146898939243,10.644901841013002,17.66602358880777,54.20798450785291,2,S2339
50862.54356280301,10.936242266156052,83.77346874942305,35.191452211337435,16.099392379519628,1,S2340
23700.45875568576,3.803232102624678,33.24395933944369,11.885932734111227,86.14811666958535,0,S2341
65007.98268652441,23.072041637523114,159.32449113045178,108.39529072983524,11.335030352904223,2,S2342
35152.39828867297,9.41733671606859,114.47750308314397,31.34313096794871,34.47988870730759,0,S2343
71037.04894275409,15.337765874390882,177.17978276869673,52.16416039885405,9.801663648819266,3,S2344
64258.43308717879,14.104652032596235,163.29316211792954,82.39755060489601,10.780722171592569,3,S2345
38134.64451607704,8.878256659210157,59.234008411861524,32.88313184120145,28.881243280472322,2,S2346
49108.83581716368,16.18755830017199,149.76815346153663,62.053046785165776,1.4858880255716205,2,S2347
32059.65752876336,3.3344833428249796,47.11331636225406,20.041080232044774,86.76658420363567,1,S2348
74830.78810813201,20.839989942709398,171.53546029101332,107.84963989396496,4.187634284933106,1,S2349
28855.74528783337,3.0126970961721136,44.07632427671519,14.58692006455337,87.3003122237549,1,S2350
44688.092701134214,10.387845807525173,70.23557171220813,46.60916350695594,24.745704783576898,2,S2351
44211.44064363377,8.97784245405264,87.47305687212466,38.341683724077086,23.8092908013089,2,S2352
51772.146567802425,20.86297542252205,192.37988652543655,75.70707635252795,13.175629631457166,2,S2353
75837.97576244296,18.437714379847762,235.91574014590273,86.86872769868499,12.713395694044642,3,S2354
18191.505868522938,3.6538451627452484,30.15910566404062,13.586862548521996,102.91554514530296,0,S2355
22719.489965428857,1.0426006323273254,25.86743295606257,17.806290866549546,72.04171162773034,0,S2356
75561.3053199912,22.29217642395872,220.88463655541068,69.9055138190862,13.482521043005232,0,S2357
38698.982086495074,13.832703741456841,100.33890806503284,45.536015203501,14.707144396598867,1,S2358
21496.088256564515,4.534369271250189,51.084225189849974,12.994614384524263,73.86324481275344,0,S2359
53251.95052348575,10.757221964947151,113.6350567400804,57.29980664157858,18.567890306470794,1,S2360
69233.17066307155,18.886829899368948,140.55227218588476,90.50541459674098,9.915300390511389,0,S2361
30096.9816320994,11.721273256084427,81.25369929734804,52.332965170727476,21.749301680582878,0,S2362
41745.16225030667,13.786646604431853,61.0900160937167,32.821948485731426,15.443355148688426,0,S2363
43553.45818098556,7.653341033385577,82.52300603235041,67.99791622188293,24.693874917518208,1,S2364
36995.38021684144,7.963750162421299,81.42825600241743,40.005188616450006,14.694965549733226,0,S2365
85287.1383351689,14.937092806360099,185.59380472380764,90.09755930980091,3.193399793064086,0,S2366
53039.43979958039,17.46291724212896,66.03851267445381,54.57150342214163,26.38398305549056,0,S2367
45713.964444526886,6.390586389363706,59.03125242424327,49.040925923195715,7.828322990880974,1,S2368
75054.36181507805,25.694126114620605,197.1380453506349,13.60638394606326,13.481292240788896,1,S2369
20283.528346503146,4.682118745380162,42.129051058855616,9.969400007503435,106.78850138599122,0,S2370
73795.1684823457,17.860877716196935,200.88746300180472,61.66076226584965,20.724497793751393,2,S2371
44554.74398662919,10.737805564013522,43.88246037731226,55.10806807613305,21.452936850287873,1,S2372
60325.72371897687,25.45858733597391,227.66612385740441,61.31180747672411,15.318571466982505,1,S2373
21549.45087285157,3.746234295548584,47.52997572062976,11.295307492080537,84.28427831936656,0,S2374
31497.580602587957,12.94582840036679,99.51441036444197,45.062877415287126,30.189930320424477,1,S2375
66866.23844087495,10.356087205809269,194.95195161801882,120.8425618460058,13.10394437552477,2,S2376
51787.10048617679,12.637447962273283,108.98125965058387,38.84909264282613,16.856272185335126,1,S2377
14238.48004035376,3.202189641333218,60.261913304374644,11.343320868679701,40.40878465153503,0,S2378
23056.531813734684,3.6619357680276807,51.92542400370598,16.780833165304266,80.74635903017634,1,S2379
38073.78008462692,5.746863884458724,72.57439320182934,62.264770972934656,39.70570548149918,0,S2380
42362.87115622357,10.108322372748653,100.67462539825527,36.256493784031015,25.582548877600587,1,S2381
43732.433117721324,15.330031546012153,99.21256142628471,34.98830971228376,16.910276813187565,0,S2382
14657.068789861012,2.8470861642010608,46.64752670278082,6.16446311307917,93.36375199473804,0,S2383
62464.1828629842,14.956187441252492,170.25186167831532,80.33669563041018,9.19512495319105,0,S2384
51913.58611685963,10.985087012844016,52.45038723411078,39.06951541367934,29.6641214698616,0,S2385
18660.147861007783,1.7812675849542794,63.97934024799051,6.639104229443872,79.16663371966987,0,S2386
24274.834470621878,1.5340633743761336,33.486652246150975,20.624815408519016,93.167046848889,0,S2387
35317.852965015074,14.892633913894596,129.57339818266695,61.833112073990954,28.751064999672415,0,S2388
33344.647728431046,7.242770366349852,70.69844179560772,58.838058762608895,17.03398312184889,0,S2389
47556.60218427172,11.887099635152817,89.63029618339854,44.180610025733294,24.40858555884804,0,S2390
60267.55238371879,18.558857969674886,184.203190884363,61.95207461242811,5.918553031043028,0,S2391
26288.0059438614,1.799756681174754,28.995050850457165,14.121895349908005,62.62326062881553,0,S2392
73382.1866120616,18.784665050262007,189.804522509862,91.05688803695357,9.057632666328363,3,S2393
55162.664767127724,22.34552766783424,181.11874319372853,83.15540097281945,7.52879412595035,1,S2394
30236.605442037755,4.39403206626923,45.41334505171383,10.435816913405938,63.24453208493978,0,S2395
52543.03777049617,15.665557112012788,147.25188392910118,66.49126182786074,9.658920772147994,2,S2396
53333.76293946559,9.266394171440574,141.99386459628883,49.466803133770945,26.677341433201978,0,S2397
42731.9158901554,16.373270486344524,86.12772325310867,29.023004820912952,15.84447871075602,0,S2398
38305.06495980154,4.463261577008746,61.20794911060187,59.675160295416404,25.237095023809932,0,S2399
65614.18263735919,11.265480391232515,188.76815387464052,80.13323669777023,11.940954197658225,0,S2400
53806.1955802297,20.610262866117413,205.2316758173433,113.71796023899152,11.351102339642026,2,S2401
39921.5576793607,7.4334712497085,77.61721861087312,44.38533069834078,18.239955160845952,1,S2402
23879.625082092865,3.3733079917046838,56.02002526385202,10.005570288290864,67.50435832934875,0,S2403
44419.54964633222,3.735762085059319,95.83882647867158,53.06353997479471,16.2712073292386,0,S2404
28337.602473849616,2.405935630693507,48.77316516851601,11.474233763523337,82.36541443319157,1,S2405
50405.259439521484,12.007876288701702,71.015728136375,39.164249542853085,18.101496706927833,0,S2406
57722.18617478761,22.00142527547564,189.9416278926441,82.93310709928213,15.218081627864716,2,S2407
24528.700962583815,1.6111130940887461,11.390116790321827,12.708531573153646,74.39963520678562,0,S2408
18255.450241049715,3.892634561134892,26.782900778167654,20.719890842605786,100.1780496077422,1,S2409
42152.76363478711,8.787426556841202,92.60144190173901,24.373857033133206,31.52590477997319,0,S2410
22255.557110105892,2.0328068670632655,42.05152987858162,10.107863121325643,71.49827127460429,0,S2411
25125.95710609644,2.6821371077417355,16.024144327389056,6.583483817106054,64.16038283202812,1,S2412
54692.75173575506,9.53908470487973,82.19128548941771,30.805442590431277,19.38872533626624,0,S2413
76040.43936048547,22.05678423288746,142.31382475580648,62.41259716487277,6.791367957802514,4,S2414
52088.02162398401,11.275882044077896,90.80346345454221,47.09795681727124,14.24060643271321,1,S2415
56013.9286246998,7.660489663984619,85.26603568371598,45.052659141029665,23.605550922075782,2,S2416
36347.300436861115,6.093338804821733,100.19214622042692,60.75997061684183,38.73095244973586,0,S2417
30429.09238481398,3.446045456056337,47.0597883708593,6.704553017099445,81.34686039688779,1,S2418
76421.06597298759,21.783246021365866,183.66248126470308,90.69425763334715,9.90616502843912,2,S2419
28494.11465221428,10.591600987314733,107.93998703541314,48.381350498837065,11.809136151566555,1,S2420
70302.37710449255,22.30550677800787,191.36219131184131,80.06375694143583,10.144475518239645,2,S2421
52819.13423888076,31.68529749166241,236.99284220978805,69.65355606382225,11.599392212221515,2,S2422
17011.228956754443,4.214884624125852,47.985541510942625,14.757398310953253,77.69977348950985,1,S2423
81944.653288593,14.4894019124274,206.8101118994671,65.5630102541946,10.866289371028483,5,S2424
51005.83400299806,18.217173446143438,200.14664689090606,70.05159565149236,11.50005484197889,2,S2425
40715.49827479067,9.89850472702243,123.66606318810985,12.410835107009532,20.2901420118275,0,S2426
27716.402483998132,2.4011722891786773,44.79568413320245,10.952593926248072,98.14032371403968,0,S2427
61500.32865895442,18.760686065254273,168.80524421230774,104.47460761720163,9.063852092128064,2,S2428
25598.87737529023,4.137680686672443,50.0082485376665,5.771888511453465,78.33106248619558,0,S2429
37005.48944238167,13.67579860408275,66.76314619165095,39.32411891364849,23.62641757393842,0,S2430
24068.107533013525,1.2856557366094177,42.927143948177886,11.350815246934976,98.4047141539687,1,S2431
42648.688033206316,15.448057791972852,110.29373957329844,36.06973279053685,12.125450295564141,0,S2432
64173.044811093736,18.39940757443631,180.11886125623647,112.26400233675187,5.944858904937826,2,S2433
26428.335877328398,2.5030700692977335,40.29028244655284,16.567909290728974,82.22540873564597,1,S2434
45639.46497731627,18.346514679183866,210.23213413471092,96.96824718638184,14.222604695969459,2,S2435
24857.35705032894,2.034726781178164,30.20052425375258,11.134125038557723,117.19844775040633,0,S2436
39287.41204782143,9.992419558275724,96.30397243850122,44.95290733428072,23.97974009539676,0,S2437
56672.19841689447,14.128707345337101,121.24111350497623,33.72606666871081,33.61201268776085,0,S2438
19915.292453502974,4.7918887816181845,46.16132830421635,9.352908471895393,63.29395688833485,0,S2439
43576.46963548397,4.494512913017799,109.18948325461986,33.25607784869888,20.723769227950026,0,S2440
59884.673449515154,22.290544425922473,192.0118419624812,47.82686808527674,12.288250624547723,1,S2441
22946.72912017286,5.4292619588410505,36.11196173087487,12.540261966359806,93.91344654574226,0,S2442
36975.82275576728,14.729244495567126,112.83138015265976,50.11792134818672,27.237051480606137,1,S2443
35490.55171733385,15.377348134722897,91.09483612073564,47.12618195320995,19.4915916748645,0,S2444
27030.554189739792,1.9162745717335805,30.608919406889537,9.467050137144218,75.96227975336228,2,S2445
77494.0528731749,14.649089420693628,207.94584401470937,86.72529715324012,3.1803195937067708,3,S2446
51164.290272184335,8.807181913789096,61.36455238882041,44.84333604615372,27.400073553668854,1,S2447
24367.668605244806,4.014320466044037,35.99276269537438,9.18937765200345,112.36477626587282,1,S2448
22611.193050899044,3.2100060119540506,43.166223740397015,20.98901981729208,53.840554557621296,0,S2449
